year,race,driver,top_speed,avg_top_speed,fastest_lap_time,avg_lap_time
2018,FORMULA 1 2018 ROLEX AUSTRALIAN GRAND PRIX,5,295.0,277.59615384615387,86.469,92.64281
2018,FORMULA 1 2018 ROLEX AUSTRALIAN GRAND PRIX,44,315.0,275.36842105263156,86.444,92.729637
2018,FORMULA 1 2018 ROLEX AUSTRALIAN GRAND PRIX,7,296.0,269.68,86.373,92.751586
2018,FORMULA 1 2018 ROLEX AUSTRALIAN GRAND PRIX,3,306.0,279.3333333333333,85.945,92.764689
2018,FORMULA 1 2018 ROLEX AUSTRALIAN GRAND PRIX,14,298.0,267.93617021276594,86.978,93.123603
2018,FORMULA 1 2018 ROLEX AUSTRALIAN GRAND PRIX,33,318.0,285.01851851851853,86.88,93.141862
2018,FORMULA 1 2018 ROLEX AUSTRALIAN GRAND PRIX,27,319.0,280.71153846153845,87.081,93.206103
2018,FORMULA 1 2018 ROLEX AUSTRALIAN GRAND PRIX,77,318.0,281.4909090909091,87.019,93.234862
2018,FORMULA 1 2018 ROLEX AUSTRALIAN GRAND PRIX,2,298.0,275.6923076923077,86.958,93.244896
2018,FORMULA 1 2018 ROLEX AUSTRALIAN GRAND PRIX,55,290.0,268.29824561403507,87.944,93.43112
2018,FORMULA 1 2018 ROLEX AUSTRALIAN GRAND PRIX,11,319.0,290.96,87.633,93.45
2018,FORMULA 1 2018 ROLEX AUSTRALIAN GRAND PRIX,31,306.0,287.71153846153845,87.6,93.682086
2018,FORMULA 1 2018 ROLEX AUSTRALIAN GRAND PRIX,16,312.0,277.1818181818182,88.759,93.949
2018,FORMULA 1 2018 ROLEX AUSTRALIAN GRAND PRIX,18,306.0,279.48214285714283,88.511,93.992603
2018,FORMULA 1 2018 ROLEX AUSTRALIAN GRAND PRIX,28,281.0,264.22,88.176,94.662438
2018,FORMULA 1 2018 ROLEX AUSTRALIAN GRAND PRIX,8,291.0,281.6818181818182,88.805,91.369916
2018,FORMULA 1 2018 ROLEX AUSTRALIAN GRAND PRIX,20,292.0,277.77777777777777,89.534,91.430318
2018,FORMULA 1 2018 ROLEX AUSTRALIAN GRAND PRIX,10,296.0,277.9166666666667,90.649,93.188538
2018,FORMULA 1 2018 ROLEX AUSTRALIAN GRAND PRIX,9,305.0,276.8333333333333,92.21,95.0192
2018,FORMULA 1 2018 ROLEX AUSTRALIAN GRAND PRIX,35,300.0,274.5,92.573,96.53675
2018,FORMULA 1 2018 GULF AIR BAHRAIN GRAND PRIX,5,321.0,290.8775510204082,94.453,96.888589
2018,FORMULA 1 2018 GULF AIR BAHRAIN GRAND PRIX,77,333.0,295.90384615384613,93.74,96.902017
2018,FORMULA 1 2018 GULF AIR BAHRAIN GRAND PRIX,44,333.0,294.36,93.953,97.010464
2018,FORMULA 1 2018 GULF AIR BAHRAIN GRAND PRIX,10,324.0,279.7843137254902,94.863,97.983232
2018,FORMULA 1 2018 GULF AIR BAHRAIN GRAND PRIX,20,323.0,290.40384615384613,94.327,98.192736
2018,FORMULA 1 2018 GULF AIR BAHRAIN GRAND PRIX,27,322.0,283.0943396226415,94.667,98.613403
2018,FORMULA 1 2018 GULF AIR BAHRAIN GRAND PRIX,14,321.0,282.1730769230769,94.168,98.634821
2018,FORMULA 1 2018 GULF AIR BAHRAIN GRAND PRIX,2,322.0,284.11764705882354,95.131,98.805875
2018,FORMULA 1 2018 GULF AIR BAHRAIN GRAND PRIX,9,324.0,297.47058823529414,95.093,98.884928
2018,FORMULA 1 2018 GULF AIR BAHRAIN GRAND PRIX,31,330.0,304.0943396226415,95.043,98.994375
2018,FORMULA 1 2018 GULF AIR BAHRAIN GRAND PRIX,55,335.0,296.9423076923077,95.535,99.112589
2018,FORMULA 1 2018 GULF AIR BAHRAIN GRAND PRIX,16,326.0,292.6734693877551,95.058,99.206696
2018,FORMULA 1 2018 GULF AIR BAHRAIN GRAND PRIX,8,340.0,296.46,94.053,99.268678
2018,FORMULA 1 2018 GULF AIR BAHRAIN GRAND PRIX,18,331.0,292.70588235294116,95.266,99.15269
2018,FORMULA 1 2018 GULF AIR BAHRAIN GRAND PRIX,35,321.0,290.50943396226415,94.563,99.637053
2018,FORMULA 1 2018 GULF AIR BAHRAIN GRAND PRIX,11,332.0,301.59615384615387,95.075,99.133392
2018,FORMULA 1 2018 GULF AIR BAHRAIN GRAND PRIX,28,316.0,285.4375,94.689,99.133875
2018,FORMULA 1 2018 GULF AIR BAHRAIN GRAND PRIX,7,304.0,284.85185185185185,94.337,98.163647
2018,FORMULA 1 2018 GULF AIR BAHRAIN GRAND PRIX,33,311.0,249.66666666666666,103.654,115.883
2018,FORMULA 1 2018 GULF AIR BAHRAIN GRAND PRIX,3,262.0,262.0,98.684,98.684
2018,FORMULA 1 2018 HEINEKEN CHINESE GRAND PRIX,3,334.0,300.74,95.785,100.498296
2018,FORMULA 1 2018 HEINEKEN CHINESE GRAND PRIX,77,333.0,299.48936170212767,96.987,100.447092
2018,FORMULA 1 2018 HEINEKEN CHINESE GRAND PRIX,7,343.0,303.6470588235294,96.456,101.617
2018,FORMULA 1 2018 HEINEKEN CHINESE GRAND PRIX,44,320.0,304.6304347826087,96.878,100.73324
2018,FORMULA 1 2018 HEINEKEN CHINESE GRAND PRIX,33,335.0,305.78,96.206,100.549407
2018,FORMULA 1 2018 HEINEKEN CHINESE GRAND PRIX,27,334.0,301.02272727272725,96.881,101.929618
2018,FORMULA 1 2018 HEINEKEN CHINESE GRAND PRIX,14,334.0,306.5,97.234,102.982482
2018,FORMULA 1 2018 HEINEKEN CHINESE GRAND PRIX,5,329.0,299.48979591836735,97.479,100.964703
2018,FORMULA 1 2018 HEINEKEN CHINESE GRAND PRIX,55,339.0,305.0769230769231,97.754,102.203
2018,FORMULA 1 2018 HEINEKEN CHINESE GRAND PRIX,20,331.0,304.5660377358491,98.152,103.142392
2018,FORMULA 1 2018 HEINEKEN CHINESE GRAND PRIX,31,339.0,308.52830188679246,97.985,103.221964
2018,FORMULA 1 2018 HEINEKEN CHINESE GRAND PRIX,11,340.0,311.03921568627453,97.673,103.234017
2018,FORMULA 1 2018 HEINEKEN CHINESE GRAND PRIX,2,329.0,304.2692307692308,98.137,103.317017
2018,FORMULA 1 2018 HEINEKEN CHINESE GRAND PRIX,18,330.0,300.57142857142856,98.5,103.42625
2018,FORMULA 1 2018 HEINEKEN CHINESE GRAND PRIX,35,328.0,306.1764705882353,98.624,103.475375
2018,FORMULA 1 2018 HEINEKEN CHINESE GRAND PRIX,9,332.0,306.9183673469388,98.386,101.607185
2018,FORMULA 1 2018 HEINEKEN CHINESE GRAND PRIX,8,342.0,308.0833333333333,97.41,103.601357
2018,FORMULA 1 2018 HEINEKEN CHINESE GRAND PRIX,10,339.0,312.13461538461536,98.367,102.36129
2018,FORMULA 1 2018 HEINEKEN CHINESE GRAND PRIX,16,327.0,303.72,98.808,101.879703
2018,FORMULA 1 2018 HEINEKEN CHINESE GRAND PRIX,28,333.0,308.7391304347826,99.376,102.235102
2018,FORMULA 1 2018 AZERBAIJAN GRAND PRIX,44,318.0,283.96078431372547,105.412,109.16035
2018,FORMULA 1 2018 AZERBAIJAN GRAND PRIX,7,318.0,280.6470588235294,106.523,111.075146
2018,FORMULA 1 2018 AZERBAIJAN GRAND PRIX,11,326.0,292.2352941176471,106.206,111.08578
2018,FORMULA 1 2018 AZERBAIJAN GRAND PRIX,5,314.0,275.0980392156863,105.53,108.9749
2018,FORMULA 1 2018 AZERBAIJAN GRAND PRIX,55,325.0,279.2549019607843,106.856,111.444829
2018,FORMULA 1 2018 AZERBAIJAN GRAND PRIX,16,325.0,279.7843137254902,107.403,111.901341
2018,FORMULA 1 2018 AZERBAIJAN GRAND PRIX,14,324.0,284.01960784313724,107.449,112.774536
2018,FORMULA 1 2018 AZERBAIJAN GRAND PRIX,18,326.0,282.05882352941177,106.815,111.970975
2018,FORMULA 1 2018 AZERBAIJAN GRAND PRIX,2,320.0,277.6862745098039,107.666,114.66486
2018,FORMULA 1 2018 AZERBAIJAN GRAND PRIX,28,322.0,277.7647058823529,108.288,114.054404
2018,FORMULA 1 2018 AZERBAIJAN GRAND PRIX,9,320.0,286.6470588235294,107.925,118.32676
2018,FORMULA 1 2018 AZERBAIJAN GRAND PRIX,10,317.0,273.94117647058823,108.035,113.91669
2018,FORMULA 1 2018 AZERBAIJAN GRAND PRIX,20,313.0,283.1372549019608,108.155,115.567116
2018,FORMULA 1 2018 AZERBAIJAN GRAND PRIX,77,313.0,284.9375,105.149,108.561378
2018,FORMULA 1 2018 AZERBAIJAN GRAND PRIX,8,323.0,288.2857142857143,106.88,111.810135
2018,FORMULA 1 2018 AZERBAIJAN GRAND PRIX,33,318.0,290.20512820512823,105.771,109.746742
2018,FORMULA 1 2018 AZERBAIJAN GRAND PRIX,3,325.0,295.3333333333333,105.419,109.7274
2018,FORMULA 1 2018 AZERBAIJAN GRAND PRIX,27,329.0,237.8,108.867,119.446333
2018,FORMULA 1 2018 AZERBAIJAN GRAND PRIX,31,,,,
2018,FORMULA 1 2018 AZERBAIJAN GRAND PRIX,35,,,,
2018,FORMULA 1 GRAN PREMIO DE ESPAÑA EMIRATES 2018,44,339.0,296.29411764705884,79.133,85.756646
2018,FORMULA 1 GRAN PREMIO DE ESPAÑA EMIRATES 2018,77,332.0,298.27272727272725,79.478,86.068846
2018,FORMULA 1 GRAN PREMIO DE ESPAÑA EMIRATES 2018,33,324.0,295.44827586206895,79.422,86.164661
2018,FORMULA 1 GRAN PREMIO DE ESPAÑA EMIRATES 2018,5,333.0,294.2641509433962,79.128,86.177092
2018,FORMULA 1 GRAN PREMIO DE ESPAÑA EMIRATES 2018,3,332.0,292.1034482758621,78.441,86.51683
2018,FORMULA 1 GRAN PREMIO DE ESPAÑA EMIRATES 2018,20,332.0,283.3333333333333,80.246,87.379828
2018,FORMULA 1 GRAN PREMIO DE ESPAÑA EMIRATES 2018,55,329.0,292.8421052631579,81.324,87.953156
2018,FORMULA 1 GRAN PREMIO DE ESPAÑA EMIRATES 2018,14,331.0,295.31481481481484,80.727,88.010062
2018,FORMULA 1 GRAN PREMIO DE ESPAÑA EMIRATES 2018,11,339.0,306.77777777777777,81.128,88.510444
2018,FORMULA 1 GRAN PREMIO DE ESPAÑA EMIRATES 2018,16,333.0,292.9807692307692,82.122,88.555857
2018,FORMULA 1 GRAN PREMIO DE ESPAÑA EMIRATES 2018,18,314.0,292.54901960784315,82.095,88.666555
2018,FORMULA 1 GRAN PREMIO DE ESPAÑA EMIRATES 2018,28,332.0,290.7843137254902,81.439,88.857396
2018,FORMULA 1 GRAN PREMIO DE ESPAÑA EMIRATES 2018,9,334.0,295.92452830188677,82.487,88.94446
2018,FORMULA 1 GRAN PREMIO DE ESPAÑA EMIRATES 2018,35,331.0,292.61224489795916,82.68,91.070015
2018,FORMULA 1 GRAN PREMIO DE ESPAÑA EMIRATES 2018,2,325.0,292.775,82.594,91.401909
2018,FORMULA 1 GRAN PREMIO DE ESPAÑA EMIRATES 2018,31,340.0,298.8333333333333,82.117,91.158675
2018,FORMULA 1 GRAN PREMIO DE ESPAÑA EMIRATES 2018,7,306.0,264.3529411764706,81.531,93.94525
2018,FORMULA 1 GRAN PREMIO DE ESPAÑA EMIRATES 2018,8,,,,
2018,FORMULA 1 GRAN PREMIO DE ESPAÑA EMIRATES 2018,10,,,,
2018,FORMULA 1 GRAN PREMIO DE ESPAÑA EMIRATES 2018,27,,,,
2018,FORMULA 1 GRAND PRIX DE MONACO 2018,3,282.0,265.15384615384613,75.562,79.164192
2018,FORMULA 1 GRAND PRIX DE MONACO 2018,5,289.0,283.5,76.065,79.258243
2018,FORMULA 1 GRAND PRIX DE MONACO 2018,44,288.0,281.78205128205127,76.27,79.382307
2018,FORMULA 1 GRAND PRIX DE MONACO 2018,7,288.0,283.0128205128205,76.392,79.396589
2018,FORMULA 1 GRAND PRIX DE MONACO 2018,77,289.0,281.93589743589746,76.312,79.4055
2018,FORMULA 1 GRAND PRIX DE MONACO 2018,31,289.0,280.4102564102564,77.027,79.467615
2018,FORMULA 1 GRAND PRIX DE MONACO 2018,10,282.0,272.53846153846155,77.099,79.476128
2018,FORMULA 1 GRAND PRIX DE MONACO 2018,27,292.0,280.96153846153845,76.061,79.482641
2018,FORMULA 1 GRAND PRIX DE MONACO 2018,33,293.0,281.79487179487177,74.26,79.488769
2018,FORMULA 1 GRAND PRIX DE MONACO 2018,55,285.0,279.2435897435897,77.491,80.048974
2018,FORMULA 1 GRAND PRIX DE MONACO 2018,9,288.0,280.8076923076923,76.936,80.059884
2018,FORMULA 1 GRAND PRIX DE MONACO 2018,11,290.0,283.88461538461536,77.546,80.067538
2018,FORMULA 1 GRAND PRIX DE MONACO 2018,20,286.0,280.5,77.476,80.123461
2018,FORMULA 1 GRAND PRIX DE MONACO 2018,2,287.0,282.14285714285717,76.864,80.195311
2018,FORMULA 1 GRAND PRIX DE MONACO 2018,8,287.0,280.0,74.822,80.585064
2018,FORMULA 1 GRAND PRIX DE MONACO 2018,35,287.0,279.75324675324674,75.325,80.862701
2018,FORMULA 1 GRAND PRIX DE MONACO 2018,18,287.0,275.0263157894737,74.944,81.677868
2018,FORMULA 1 GRAND PRIX DE MONACO 2018,16,290.0,284.3857142857143,77.71,79.660742
2018,FORMULA 1 GRAND PRIX DE MONACO 2018,28,280.0,275.5492957746479,77.172,79.637271
2018,FORMULA 1 GRAND PRIX DE MONACO 2018,14,281.0,277.7692307692308,77.018,79.68798
2018,FORMULA 1 GRAND PRIX HEINEKEN DU CANADA 2018,5,326.0,303.0571428571429,73.964,78.033257
2018,FORMULA 1 GRAND PRIX HEINEKEN DU CANADA 2018,77,335.0,304.9428571428571,73.992,78.115785
2018,FORMULA 1 GRAND PRIX HEINEKEN DU CANADA 2018,33,330.0,301.72857142857146,73.864,78.117457
2018,FORMULA 1 GRAND PRIX HEINEKEN DU CANADA 2018,3,331.0,304.9130434782609,73.835,78.2849
2018,FORMULA 1 GRAND PRIX HEINEKEN DU CANADA 2018,44,332.0,309.45714285714286,74.183,78.339842
2018,FORMULA 1 GRAND PRIX HEINEKEN DU CANADA 2018,7,328.0,308.3,74.075,78.4245
2018,FORMULA 1 GRAND PRIX HEINEKEN DU CANADA 2018,27,333.0,304.39130434782606,75.488,79.523985
2018,FORMULA 1 GRAND PRIX HEINEKEN DU CANADA 2018,55,333.0,308.2608695652174,75.666,79.579144
2018,FORMULA 1 GRAND PRIX HEINEKEN DU CANADA 2018,31,339.0,312.1449275362319,75.498,79.600956
2018,FORMULA 1 GRAND PRIX HEINEKEN DU CANADA 2018,16,336.0,306.5217391304348,75.351,79.743927
2018,FORMULA 1 GRAND PRIX HEINEKEN DU CANADA 2018,10,334.0,305.71014492753625,75.699,79.818086
2018,FORMULA 1 GRAND PRIX HEINEKEN DU CANADA 2018,8,331.0,305.5072463768116,75.47,79.823608
2018,FORMULA 1 GRAND PRIX HEINEKEN DU CANADA 2018,20,325.0,303.18840579710144,75.401,79.87555
2018,FORMULA 1 GRAND PRIX HEINEKEN DU CANADA 2018,11,349.0,315.6811594202899,75.1,79.847188
2018,FORMULA 1 GRAND PRIX HEINEKEN DU CANADA 2018,9,334.0,307.7352941176471,76.403,80.506705
2018,FORMULA 1 GRAND PRIX HEINEKEN DU CANADA 2018,2,335.0,304.77941176470586,75.765,80.531941
2018,FORMULA 1 GRAND PRIX HEINEKEN DU CANADA 2018,35,334.0,301.0735294117647,75.924,80.86325
2018,FORMULA 1 GRAND PRIX HEINEKEN DU CANADA 2018,14,334.0,294.8292682926829,76.18,82.119675
2018,FORMULA 1 GRAND PRIX HEINEKEN DU CANADA 2018,28,,,,
2018,FORMULA 1 GRAND PRIX HEINEKEN DU CANADA 2018,18,,,,
2018,FORMULA 1 PIRELLI GRAND PRIX DE FRANCE 2018,44,328.0,296.79245283018867,94.509,100.451
2018,FORMULA 1 PIRELLI GRAND PRIX DE FRANCE 2018,33,338.0,304.33962264150944,94.275,100.563784
2018,FORMULA 1 PIRELLI GRAND PRIX DE FRANCE 2018,7,339.0,295.61538461538464,94.398,100.808215
2018,FORMULA 1 PIRELLI GRAND PRIX DE FRANCE 2018,3,334.0,296.811320754717,95.382,101.059588
2018,FORMULA 1 PIRELLI GRAND PRIX DE FRANCE 2018,5,341.0,295.3018867924528,94.485,100.759274
2018,FORMULA 1 PIRELLI GRAND PRIX DE FRANCE 2018,20,334.0,293.3018867924528,95.425,101.913607
2018,FORMULA 1 PIRELLI GRAND PRIX DE FRANCE 2018,77,343.0,300.6923076923077,94.225,100.379666
2018,FORMULA 1 PIRELLI GRAND PRIX DE FRANCE 2018,55,330.0,292.8301886792453,95.638,102.111529
2018,FORMULA 1 PIRELLI GRAND PRIX DE FRANCE 2018,27,334.0,295.0943396226415,95.873,102.005058
2018,FORMULA 1 PIRELLI GRAND PRIX DE FRANCE 2018,16,336.0,300.75471698113205,95.977,102.169823
2018,FORMULA 1 PIRELLI GRAND PRIX DE FRANCE 2018,8,333.0,290.65384615384613,95.695,102.49414
2018,FORMULA 1 PIRELLI GRAND PRIX DE FRANCE 2018,2,326.0,288.4230769230769,96.675,101.70051
2018,FORMULA 1 PIRELLI GRAND PRIX DE FRANCE 2018,9,332.0,294.71153846153845,96.494,103.11274
2018,FORMULA 1 PIRELLI GRAND PRIX DE FRANCE 2018,28,334.0,289.11538461538464,96.839,102.098346
2018,FORMULA 1 PIRELLI GRAND PRIX DE FRANCE 2018,35,339.0,298.9807692307692,98.3,102.90366
2018,FORMULA 1 PIRELLI GRAND PRIX DE FRANCE 2018,14,326.0,288.7647058823529,95.133,102.826354
2018,FORMULA 1 PIRELLI GRAND PRIX DE FRANCE 2018,18,321.0,290.1041666666667,98.319,102.419065
2018,FORMULA 1 PIRELLI GRAND PRIX DE FRANCE 2018,11,321.0,286.5,98.319,104.93812
2018,FORMULA 1 PIRELLI GRAND PRIX DE FRANCE 2018,31,,,,
2018,FORMULA 1 PIRELLI GRAND PRIX DE FRANCE 2018,10,,,,
2018,FORMULA 1 EYETIME GROSSER PREIS VON ÖSTERREICH 2018,33,301.0,285.7042253521127,67.442,69.239774
2018,FORMULA 1 EYETIME GROSSER PREIS VON ÖSTERREICH 2018,7,327.0,299.01408450704224,66.957,69.260957
2018,FORMULA 1 EYETIME GROSSER PREIS VON ÖSTERREICH 2018,5,319.0,299.4366197183099,67.082,69.284577
2018,FORMULA 1 EYETIME GROSSER PREIS VON ÖSTERREICH 2018,8,309.0,293.12857142857143,69.071,70.534942
2018,FORMULA 1 EYETIME GROSSER PREIS VON ÖSTERREICH 2018,20,316.0,296.24285714285713,68.476,70.5575
2018,FORMULA 1 EYETIME GROSSER PREIS VON ÖSTERREICH 2018,31,315.0,297.34285714285716,68.85,70.7135
2018,FORMULA 1 EYETIME GROSSER PREIS VON ÖSTERREICH 2018,11,318.0,295.4428571428571,68.504,70.7349
2018,FORMULA 1 EYETIME GROSSER PREIS VON ÖSTERREICH 2018,14,313.0,288.75714285714287,68.661,70.945185
2018,FORMULA 1 EYETIME GROSSER PREIS VON ÖSTERREICH 2018,16,324.0,297.6,69.006,71.0067
2018,FORMULA 1 EYETIME GROSSER PREIS VON ÖSTERREICH 2018,9,317.0,297.85714285714283,68.216,71.014471
2018,FORMULA 1 EYETIME GROSSER PREIS VON ÖSTERREICH 2018,10,324.0,293.3285714285714,69.295,71.104571
2018,FORMULA 1 EYETIME GROSSER PREIS VON ÖSTERREICH 2018,55,314.0,292.6,68.766,71.1763
2018,FORMULA 1 EYETIME GROSSER PREIS VON ÖSTERREICH 2018,35,314.0,291.69565217391306,68.971,71.768971
2018,FORMULA 1 EYETIME GROSSER PREIS VON ÖSTERREICH 2018,18,314.0,292.8840579710145,69.203,71.650579
2018,FORMULA 1 EYETIME GROSSER PREIS VON ÖSTERREICH 2018,2,307.0,282.67692307692306,68.894,72.752138
2018,FORMULA 1 EYETIME GROSSER PREIS VON ÖSTERREICH 2018,44,324.0,294.7096774193548,67.241,69.92987
2018,FORMULA 1 EYETIME GROSSER PREIS VON ÖSTERREICH 2018,28,311.0,294.68518518518516,69.171,71.728611
2018,FORMULA 1 EYETIME GROSSER PREIS VON ÖSTERREICH 2018,3,316.0,291.22641509433964,67.591,70.269132
2018,FORMULA 1 EYETIME GROSSER PREIS VON ÖSTERREICH 2018,77,301.0,294.0,69.044,69.786
2018,FORMULA 1 EYETIME GROSSER PREIS VON ÖSTERREICH 2018,27,310.0,300.72727272727275,70.38,71.812181
2018,FORMULA 1 2018 ROLEX BRITISH GRAND PRIX,5,333.0,296.84615384615387,90.696,97.849775
2018,FORMULA 1 2018 ROLEX BRITISH GRAND PRIX,44,339.0,298.61538461538464,91.245,101.000923
2018,FORMULA 1 2018 ROLEX BRITISH GRAND PRIX,7,346.0,307.7307692307692,90.795,101.027615
2018,FORMULA 1 2018 ROLEX BRITISH GRAND PRIX,77,323.0,291.59615384615387,91.377,100.167862
2018,FORMULA 1 2018 ROLEX BRITISH GRAND PRIX,3,334.0,300.9230769230769,91.589,101.140076
2018,FORMULA 1 2018 ROLEX BRITISH GRAND PRIX,27,308.0,289.90384615384613,93.405,101.500076
2018,FORMULA 1 2018 ROLEX BRITISH GRAND PRIX,31,321.0,293.6923076923077,93.606,101.532961
2018,FORMULA 1 2018 ROLEX BRITISH GRAND PRIX,14,332.0,299.09615384615387,93.482,101.55575
2018,FORMULA 1 2018 ROLEX BRITISH GRAND PRIX,20,324.0,297.21153846153845,93.604,101.595615
2018,FORMULA 1 2018 ROLEX BRITISH GRAND PRIX,11,345.0,304.4807692307692,93.472,101.624846
2018,FORMULA 1 2018 ROLEX BRITISH GRAND PRIX,2,326.0,289.8627450980392,93.551,101.645346
2018,FORMULA 1 2018 ROLEX BRITISH GRAND PRIX,18,317.0,288.4230769230769,93.869,101.690192
2018,FORMULA 1 2018 ROLEX BRITISH GRAND PRIX,10,332.0,293.9807692307692,93.465,101.613711
2018,FORMULA 1 2018 ROLEX BRITISH GRAND PRIX,35,313.0,285.0769230769231,94.62,101.882634
2018,FORMULA 1 2018 ROLEX BRITISH GRAND PRIX,33,313.0,290.8695652173913,92.007,102.623456
2018,FORMULA 1 2018 ROLEX BRITISH GRAND PRIX,8,325.0,303.64864864864865,94.391,100.463783
2018,FORMULA 1 2018 ROLEX BRITISH GRAND PRIX,55,322.0,293.5135135135135,94.602,100.469
2018,FORMULA 1 2018 ROLEX BRITISH GRAND PRIX,9,323.0,308.3225806451613,93.675,96.574193
2018,FORMULA 1 2018 ROLEX BRITISH GRAND PRIX,16,323.0,307.6111111111111,95.209,95.9375
2018,FORMULA 1 2018 ROLEX BRITISH GRAND PRIX,28,172.0,172.0,174.472,174.472
2018,FORMULA 1 EMIRATES GROSSER PREIS VON DEUTSCHLAND 2018,44,346.0,301.94029850746267,75.545,82.833507
2018,FORMULA 1 EMIRATES GROSSER PREIS VON DEUTSCHLAND 2018,77,337.0,300.05970149253733,75.721,82.901194
2018,FORMULA 1 EMIRATES GROSSER PREIS VON DEUTSCHLAND 2018,7,317.0,297.2089552238806,75.99,82.933985
2018,FORMULA 1 EMIRATES GROSSER PREIS VON DEUTSCHLAND 2018,33,330.0,294.76119402985074,75.852,82.947746
2018,FORMULA 1 EMIRATES GROSSER PREIS VON DEUTSCHLAND 2018,27,336.0,298.8805970149254,77.91,83.230656
2018,FORMULA 1 EMIRATES GROSSER PREIS VON DEUTSCHLAND 2018,8,332.0,303.92537313432837,76.716,83.264417
2018,FORMULA 1 EMIRATES GROSSER PREIS VON DEUTSCHLAND 2018,11,339.0,308.95522388059703,77.867,83.289567
2018,FORMULA 1 EMIRATES GROSSER PREIS VON DEUTSCHLAND 2018,31,340.0,305.82089552238807,77.941,83.307388
2018,FORMULA 1 EMIRATES GROSSER PREIS VON DEUTSCHLAND 2018,9,332.0,308.17910447761193,77.745,83.316522
2018,FORMULA 1 EMIRATES GROSSER PREIS VON DEUTSCHLAND 2018,28,336.0,308.65671641791045,77.681,83.34391
2018,FORMULA 1 EMIRATES GROSSER PREIS VON DEUTSCHLAND 2018,20,329.0,300.7164179104478,77.697,83.354686
2018,FORMULA 1 EMIRATES GROSSER PREIS VON DEUTSCHLAND 2018,55,343.0,307.8805970149254,77.43,83.327074
2018,FORMULA 1 EMIRATES GROSSER PREIS VON DEUTSCHLAND 2018,2,341.0,294.46268656716416,77.537,83.529283
2018,FORMULA 1 EMIRATES GROSSER PREIS VON DEUTSCHLAND 2018,10,334.0,308.469696969697,77.762,84.67409
2018,FORMULA 1 EMIRATES GROSSER PREIS VON DEUTSCHLAND 2018,16,337.0,306.3636363636364,77.852,84.701242
2018,FORMULA 1 EMIRATES GROSSER PREIS VON DEUTSCHLAND 2018,14,328.0,300.53846153846155,77.741,84.813784
2018,FORMULA 1 EMIRATES GROSSER PREIS VON DEUTSCHLAND 2018,18,336.0,305.0188679245283,78.861,84.084433
2018,FORMULA 1 EMIRATES GROSSER PREIS VON DEUTSCHLAND 2018,5,336.0,309.98039215686276,77.29,79.092
2018,FORMULA 1 EMIRATES GROSSER PREIS VON DEUTSCHLAND 2018,35,331.0,308.45098039215685,78.934,82.339215
2018,FORMULA 1 EMIRATES GROSSER PREIS VON DEUTSCHLAND 2018,3,338.0,322.55555555555554,78.262,80.254037
2018,FORMULA 1 ROLEX MAGYAR NAGYDÍJ 2018,44,312.0,290.734693877551,81.107,83.377528
2018,FORMULA 1 ROLEX MAGYAR NAGYDÍJ 2018,5,319.0,294.625,80.056,83.622142
2018,FORMULA 1 ROLEX MAGYAR NAGYDÍJ 2018,7,312.0,293.3157894736842,80.292,83.664685
2018,FORMULA 1 ROLEX MAGYAR NAGYDÍJ 2018,3,313.0,291.66101694915255,80.012,84.040657
2018,FORMULA 1 ROLEX MAGYAR NAGYDÍJ 2018,77,312.0,292.51785714285717,81.736,84.091814
2018,FORMULA 1 ROLEX MAGYAR NAGYDÍJ 2018,10,302.0,281.0,81.685,84.424285
2018,FORMULA 1 ROLEX MAGYAR NAGYDÍJ 2018,20,295.0,287.0612244897959,81.302,84.657768
2018,FORMULA 1 ROLEX MAGYAR NAGYDÍJ 2018,14,310.0,283.70588235294116,82.09,85.190739
2018,FORMULA 1 ROLEX MAGYAR NAGYDÍJ 2018,55,308.0,288.3137254901961,82.774,85.369913
2018,FORMULA 1 ROLEX MAGYAR NAGYDÍJ 2018,8,315.0,290.7413793103448,82.606,85.377463
2018,FORMULA 1 ROLEX MAGYAR NAGYDÍJ 2018,28,300.0,284.0181818181818,82.612,85.397101
2018,FORMULA 1 ROLEX MAGYAR NAGYDÍJ 2018,27,314.0,293.27777777777777,81.261,85.487275
2018,FORMULA 1 ROLEX MAGYAR NAGYDÍJ 2018,31,311.0,293.3333333333333,82.876,85.612028
2018,FORMULA 1 ROLEX MAGYAR NAGYDÍJ 2018,11,315.0,298.1914893617021,83.263,85.752362
2018,FORMULA 1 ROLEX MAGYAR NAGYDÍJ 2018,9,308.0,290.3,83.671,86.437132
2018,FORMULA 1 ROLEX MAGYAR NAGYDÍJ 2018,35,307.0,291.64814814814815,83.708,86.578132
2018,FORMULA 1 ROLEX MAGYAR NAGYDÍJ 2018,18,315.0,290.54,82.66,86.588558
2018,FORMULA 1 ROLEX MAGYAR NAGYDÍJ 2018,2,302.0,285.6666666666667,83.077,85.590061
2018,FORMULA 1 ROLEX MAGYAR NAGYDÍJ 2018,33,291.0,283.8,83.985,85.6118
2018,FORMULA 1 ROLEX MAGYAR NAGYDÍJ 2018,16,,,,
2018,FORMULA 1 2018 JOHNNIE WALKER BELGIAN GRAND PRIX,5,313.0,296.57575757575756,106.644,109.313829
2018,FORMULA 1 2018 JOHNNIE WALKER BELGIAN GRAND PRIX,44,322.0,299.1388888888889,106.721,109.613024
2018,FORMULA 1 2018 JOHNNIE WALKER BELGIAN GRAND PRIX,33,314.0,300.5128205128205,106.946,110.159243
2018,FORMULA 1 2018 JOHNNIE WALKER BELGIAN GRAND PRIX,77,320.0,305.27027027027026,106.286,111.230073
2018,FORMULA 1 2018 JOHNNIE WALKER BELGIAN GRAND PRIX,11,318.0,301.45454545454544,108.08,111.090853
2018,FORMULA 1 2018 JOHNNIE WALKER BELGIAN GRAND PRIX,31,312.0,301.3448275862069,108.078,111.30456
2018,FORMULA 1 2018 JOHNNIE WALKER BELGIAN GRAND PRIX,8,307.0,297.10714285714283,108.283,111.51417000000001
2018,FORMULA 1 2018 JOHNNIE WALKER BELGIAN GRAND PRIX,20,313.0,298.25,107.937,111.573731
2018,FORMULA 1 2018 JOHNNIE WALKER BELGIAN GRAND PRIX,10,309.0,297.9714285714286,108.588,112.068
2018,FORMULA 1 2018 JOHNNIE WALKER BELGIAN GRAND PRIX,9,309.0,297.0,108.694,112.357075
2018,FORMULA 1 2018 JOHNNIE WALKER BELGIAN GRAND PRIX,55,320.0,302.07894736842104,108.67,112.81985
2018,FORMULA 1 2018 JOHNNIE WALKER BELGIAN GRAND PRIX,35,314.0,299.675,109.113,112.755375
2018,FORMULA 1 2018 JOHNNIE WALKER BELGIAN GRAND PRIX,18,316.0,299.5151515151515,109.287,112.831375
2018,FORMULA 1 2018 JOHNNIE WALKER BELGIAN GRAND PRIX,28,314.0,294.93939393939394,108.756,113.304475
2018,FORMULA 1 2018 JOHNNIE WALKER BELGIAN GRAND PRIX,2,310.0,294.9117647058824,108.956,113.567725
2018,FORMULA 1 2018 JOHNNIE WALKER BELGIAN GRAND PRIX,3,317.0,308.4166666666667,109.242,113.013444
2018,FORMULA 1 2018 JOHNNIE WALKER BELGIAN GRAND PRIX,7,304.0,236.28571428571428,114.32,140.7404
2018,FORMULA 1 2018 JOHNNIE WALKER BELGIAN GRAND PRIX,16,,,,
2018,FORMULA 1 2018 JOHNNIE WALKER BELGIAN GRAND PRIX,14,,,,
2018,FORMULA 1 2018 JOHNNIE WALKER BELGIAN GRAND PRIX,27,,,,
2018,FORMULA 1 GRAN PREMIO HEINEKEN D'ITALIA 2018,44,357.0,323.28846153846155,82.497,87.065735
2018,FORMULA 1 GRAN PREMIO HEINEKEN D'ITALIA 2018,7,349.0,315.5769230769231,83.515,87.229981
2018,FORMULA 1 GRAN PREMIO HEINEKEN D'ITALIA 2018,77,357.0,325.4807692307692,82.907,87.331132
2018,FORMULA 1 GRAN PREMIO HEINEKEN D'ITALIA 2018,5,353.0,322.4583333333333,82.505,87.370471
2018,FORMULA 1 GRAN PREMIO HEINEKEN D'ITALIA 2018,33,348.0,310.8837209302326,83.609,87.314943
2018,FORMULA 1 GRAN PREMIO HEINEKEN D'ITALIA 2018,31,351.0,319.2549019607843,84.179,88.155566
2018,FORMULA 1 GRAN PREMIO HEINEKEN D'ITALIA 2018,11,362.0,320.86,83.529,88.172867
2018,FORMULA 1 GRAN PREMIO HEINEKEN D'ITALIA 2018,55,330.0,303.5365853658537,84.056,88.540075
2018,FORMULA 1 GRAN PREMIO HEINEKEN D'ITALIA 2018,18,345.0,305.16,84.58,88.754326
2018,FORMULA 1 GRAN PREMIO HEINEKEN D'ITALIA 2018,35,352.0,311.1020408163265,83.768,88.858769
2018,FORMULA 1 GRAN PREMIO HEINEKEN D'ITALIA 2018,16,344.0,312.3095238095238,84.504,88.966307
2018,FORMULA 1 GRAN PREMIO HEINEKEN D'ITALIA 2018,2,331.0,305.0425531914894,84.772,89.176826
2018,FORMULA 1 GRAN PREMIO HEINEKEN D'ITALIA 2018,27,357.0,310.12,84.059,89.199288
2018,FORMULA 1 GRAN PREMIO HEINEKEN D'ITALIA 2018,10,348.0,321.94117647058823,84.767,89.250634
2018,FORMULA 1 GRAN PREMIO HEINEKEN D'ITALIA 2018,9,343.0,313.2173913043478,83.768,89.310538
2018,FORMULA 1 GRAN PREMIO HEINEKEN D'ITALIA 2018,20,329.0,299.89130434782606,85.692,90.3485
2018,FORMULA 1 GRAN PREMIO HEINEKEN D'ITALIA 2018,3,350.0,305.95,85.229,91.698695
2018,FORMULA 1 GRAN PREMIO HEINEKEN D'ITALIA 2018,14,332.0,264.6666666666667,87.009,102.536555
2018,FORMULA 1 GRAN PREMIO HEINEKEN D'ITALIA 2018,28,,,,
2018,FORMULA 1 GRAN PREMIO HEINEKEN D'ITALIA 2018,8,345.0,307.9375,84.243,88.128377
2018,FORMULA 1 2018 SINGAPORE AIRLINES SINGAPORE GRAND PRIX,44,308.0,279.64814814814815,102.913,106.560965
2018,FORMULA 1 2018 SINGAPORE AIRLINES SINGAPORE GRAND PRIX,33,298.0,275.45652173913044,103.345,106.722017
2018,FORMULA 1 2018 SINGAPORE AIRLINES SINGAPORE GRAND PRIX,5,306.0,281.5853658536585,104.669,107.251155
2018,FORMULA 1 2018 SINGAPORE AIRLINES SINGAPORE GRAND PRIX,77,308.0,282.8269230769231,104.72,107.4775
2018,FORMULA 1 2018 SINGAPORE AIRLINES SINGAPORE GRAND PRIX,7,313.0,286.8478260869565,104.715,107.514948
2018,FORMULA 1 2018 SINGAPORE AIRLINES SINGAPORE GRAND PRIX,3,301.0,279.63829787234044,103.12,107.530034
2018,FORMULA 1 2018 SINGAPORE AIRLINES SINGAPORE GRAND PRIX,14,298.0,275.0238095238095,103.164,108.386241
2018,FORMULA 1 2018 SINGAPORE AIRLINES SINGAPORE GRAND PRIX,55,297.0,276.5681818181818,105.211,108.861105
2018,FORMULA 1 2018 SINGAPORE AIRLINES SINGAPORE GRAND PRIX,16,300.0,278.73333333333335,105.203,109.21821
2018,FORMULA 1 2018 SINGAPORE AIRLINES SINGAPORE GRAND PRIX,27,304.0,274.5744680851064,106.093,109.365
2018,FORMULA 1 2018 SINGAPORE AIRLINES SINGAPORE GRAND PRIX,9,295.0,278.6842105263158,105.169,109.723719
2018,FORMULA 1 2018 SINGAPORE AIRLINES SINGAPORE GRAND PRIX,2,299.0,279.6923076923077,105.555,110.494431
2018,FORMULA 1 2018 SINGAPORE AIRLINES SINGAPORE GRAND PRIX,10,296.0,277.4909090909091,106.063,109.808929
2018,FORMULA 1 2018 SINGAPORE AIRLINES SINGAPORE GRAND PRIX,18,296.0,279.2608695652174,106.033,110.677
2018,FORMULA 1 2018 SINGAPORE AIRLINES SINGAPORE GRAND PRIX,8,300.0,276.4102564102564,105.904,109.709105
2018,FORMULA 1 2018 SINGAPORE AIRLINES SINGAPORE GRAND PRIX,11,304.0,283.41509433962267,105.389,110.173807
2018,FORMULA 1 2018 SINGAPORE AIRLINES SINGAPORE GRAND PRIX,28,296.0,272.07272727272726,104.889,110.61021
2018,FORMULA 1 2018 SINGAPORE AIRLINES SINGAPORE GRAND PRIX,20,305.0,279.4222222222222,101.905,110.890875
2018,FORMULA 1 2018 SINGAPORE AIRLINES SINGAPORE GRAND PRIX,35,293.0,276.15384615384613,105.902,112.556438
2018,FORMULA 1 2018 SINGAPORE AIRLINES SINGAPORE GRAND PRIX,31,,,,
2018,FORMULA 1 2018 VTB RUSSIAN GRAND PRIX,44,339.0,305.09615384615387,95.916,98.965679
2018,FORMULA 1 2018 VTB RUSSIAN GRAND PRIX,77,320.0,305.5744680851064,95.861,99.013698
2018,FORMULA 1 2018 VTB RUSSIAN GRAND PRIX,5,323.0,303.8888888888889,95.99,99.106943
2018,FORMULA 1 2018 VTB RUSSIAN GRAND PRIX,7,307.0,296.2916666666667,96.611,99.277811
2018,FORMULA 1 2018 VTB RUSSIAN GRAND PRIX,33,302.0,279.2708333333333,96.283,99.550886
2018,FORMULA 1 2018 VTB RUSSIAN GRAND PRIX,3,324.0,286.4166666666667,96.345,100.483622
2018,FORMULA 1 2018 VTB RUSSIAN GRAND PRIX,16,330.0,289.2244897959184,98.107,100.822094
2018,FORMULA 1 2018 VTB RUSSIAN GRAND PRIX,20,330.0,283.875,98.015,101.130403
2018,FORMULA 1 2018 VTB RUSSIAN GRAND PRIX,31,317.0,299.625,98.366,101.20748
2018,FORMULA 1 2018 VTB RUSSIAN GRAND PRIX,11,321.0,294.09090909090907,98.3,101.286
2018,FORMULA 1 2018 VTB RUSSIAN GRAND PRIX,8,329.0,290.70588235294116,98.244,101.58698
2018,FORMULA 1 2018 VTB RUSSIAN GRAND PRIX,27,312.0,284.4782608695652,99.108,101.668192
2018,FORMULA 1 2018 VTB RUSSIAN GRAND PRIX,9,322.0,293.54347826086956,97.931,102.009
2018,FORMULA 1 2018 VTB RUSSIAN GRAND PRIX,14,309.0,278.5111111111111,99.59,102.381826
2018,FORMULA 1 2018 VTB RUSSIAN GRAND PRIX,18,313.0,296.6595744680851,99.435,102.399807
2018,FORMULA 1 2018 VTB RUSSIAN GRAND PRIX,2,305.0,282.82608695652175,99.922,102.963745
2018,FORMULA 1 2018 VTB RUSSIAN GRAND PRIX,55,309.0,286.06,99.731,103.04447
2018,FORMULA 1 2018 VTB RUSSIAN GRAND PRIX,35,317.0,295.6862745098039,99.838,103.067196
2018,FORMULA 1 2018 VTB RUSSIAN GRAND PRIX,10,312.0,273.5,104.071,115.279
2018,FORMULA 1 2018 VTB RUSSIAN GRAND PRIX,28,320.0,276.75,105.852,109.781666
2018,FORMULA 1 2018 HONDA JAPANESE GRAND PRIX,44,309.0,289.1320754716981,92.785,98.81249
2018,FORMULA 1 2018 HONDA JAPANESE GRAND PRIX,77,314.0,293.8301886792453,93.11,99.056245
2018,FORMULA 1 2018 HONDA JAPANESE GRAND PRIX,33,308.0,287.20754716981133,93.367,99.082207
2018,FORMULA 1 2018 HONDA JAPANESE GRAND PRIX,3,313.0,293.22641509433964,93.187,99.18032
2018,FORMULA 1 2018 HONDA JAPANESE GRAND PRIX,7,318.0,297.9811320754717,94.223,99.774716
2018,FORMULA 1 2018 HONDA JAPANESE GRAND PRIX,5,316.0,297.49056603773585,92.318,100.130849
2018,FORMULA 1 2018 HONDA JAPANESE GRAND PRIX,11,316.0,299.92452830188677,94.073,100.310207
2018,FORMULA 1 2018 HONDA JAPANESE GRAND PRIX,8,305.0,292.24528301886795,94.786,100.457735
2018,FORMULA 1 2018 HONDA JAPANESE GRAND PRIX,31,316.0,300.1132075471698,94.67,100.473905
2018,FORMULA 1 2018 HONDA JAPANESE GRAND PRIX,55,309.0,291.75,94.197,100.886615
2018,FORMULA 1 2018 HONDA JAPANESE GRAND PRIX,10,312.0,291.8076923076923,94.133,101.13375
2018,FORMULA 1 2018 HONDA JAPANESE GRAND PRIX,9,308.0,296.63461538461536,96.294,100.522254
2018,FORMULA 1 2018 HONDA JAPANESE GRAND PRIX,28,309.0,294.65384615384613,94.857,101.553923
2018,FORMULA 1 2018 HONDA JAPANESE GRAND PRIX,14,313.0,297.2307692307692,93.943,101.560346
2018,FORMULA 1 2018 HONDA JAPANESE GRAND PRIX,2,311.0,298.0576923076923,95.023,101.576269
2018,FORMULA 1 2018 HONDA JAPANESE GRAND PRIX,35,312.0,296.53846153846155,93.985,100.661098
2018,FORMULA 1 2018 HONDA JAPANESE GRAND PRIX,18,307.0,297.5769230769231,93.354,101.712442
2018,FORMULA 1 2018 HONDA JAPANESE GRAND PRIX,16,315.0,298.5,94.515,101.657621
2018,FORMULA 1 2018 HONDA JAPANESE GRAND PRIX,27,302.0,289.97297297297297,94.934,103.394162
2018,FORMULA 1 2018 HONDA JAPANESE GRAND PRIX,20,293.0,208.375,99.908,116.385333
2018,FORMULA 1 PIRELLI 2018 UNITED STATES GRAND PRIX,7,325.0,306.5892857142857,98.482,101.047196
2018,FORMULA 1 PIRELLI 2018 UNITED STATES GRAND PRIX,33,332.0,298.98214285714283,98.246,101.070071
2018,FORMULA 1 PIRELLI 2018 UNITED STATES GRAND PRIX,44,337.0,308.4107142857143,97.392,101.089017
2018,FORMULA 1 PIRELLI 2018 UNITED STATES GRAND PRIX,5,338.0,311.32142857142856,98.28,101.372589
2018,FORMULA 1 PIRELLI 2018 UNITED STATES GRAND PRIX,77,319.0,304.05357142857144,98.47,101.489053
2018,FORMULA 1 PIRELLI 2018 UNITED STATES GRAND PRIX,27,325.0,295.69642857142856,99.548,102.604517
2018,FORMULA 1 PIRELLI 2018 UNITED STATES GRAND PRIX,55,329.0,298.2857142857143,99.858,102.743517
2018,FORMULA 1 PIRELLI 2018 UNITED STATES GRAND PRIX,11,340.0,308.42857142857144,99.569,102.91189
2018,FORMULA 1 PIRELLI 2018 UNITED STATES GRAND PRIX,28,316.0,299.5272727272727,99.915,103.454454
2018,FORMULA 1 PIRELLI 2018 UNITED STATES GRAND PRIX,9,330.0,309.76363636363635,100.098,103.47789
2018,FORMULA 1 PIRELLI 2018 UNITED STATES GRAND PRIX,2,326.0,304.5272727272727,99.24,103.503036
2018,FORMULA 1 PIRELLI 2018 UNITED STATES GRAND PRIX,10,330.0,304.1272727272727,99.646,103.924018
2018,FORMULA 1 PIRELLI 2018 UNITED STATES GRAND PRIX,35,325.0,294.54545454545456,100.522,104.147981
2018,FORMULA 1 PIRELLI 2018 UNITED STATES GRAND PRIX,18,315.0,289.72222222222223,100.433,105.194333
2018,FORMULA 1 PIRELLI 2018 UNITED STATES GRAND PRIX,16,316.0,300.1290322580645,101.982,106.21658
2018,FORMULA 1 PIRELLI 2018 UNITED STATES GRAND PRIX,3,317.0,290.5,100.933,101.60875
2018,FORMULA 1 PIRELLI 2018 UNITED STATES GRAND PRIX,8,285.0,266.5,129.819,139.5125
2018,FORMULA 1 PIRELLI 2018 UNITED STATES GRAND PRIX,14,268.0,268.0,133.811,133.811
2018,FORMULA 1 PIRELLI 2018 UNITED STATES GRAND PRIX,31,336.0,304.51785714285717,99.992,102.820196
2018,FORMULA 1 PIRELLI 2018 UNITED STATES GRAND PRIX,20,331.0,304.76785714285717,98.963,102.844642
2018,FORMULA 1 GRAN PREMIO DE MÉXICO 2018,33,350.0,322.51612903225805,79.186,83.223253
2018,FORMULA 1 GRAN PREMIO DE MÉXICO 2018,5,360.0,328.3050847457627,79.522,83.46714
2018,FORMULA 1 GRAN PREMIO DE MÉXICO 2018,7,362.0,329.22222222222223,80.334,83.926267
2018,FORMULA 1 GRAN PREMIO DE MÉXICO 2018,44,358.0,321.0483870967742,80.728,84.332239
2018,FORMULA 1 GRAN PREMIO DE MÉXICO 2018,77,343.0,320.71666666666664,78.741,84.592142
2018,FORMULA 1 GRAN PREMIO DE MÉXICO 2018,27,347.0,320.60714285714283,80.637,85.924318
2018,FORMULA 1 GRAN PREMIO DE MÉXICO 2018,16,360.0,323.9836065573771,80.537,86.091913
2018,FORMULA 1 GRAN PREMIO DE MÉXICO 2018,2,354.0,320.4237288135593,81.921,86.393695
2018,FORMULA 1 GRAN PREMIO DE MÉXICO 2018,9,356.0,321.5,82.44,86.549202
2018,FORMULA 1 GRAN PREMIO DE MÉXICO 2018,10,360.0,324.828125,82.755,86.566405
2018,FORMULA 1 GRAN PREMIO DE MÉXICO 2018,31,364.0,337.9193548387097,82.629,86.632202
2018,FORMULA 1 GRAN PREMIO DE MÉXICO 2018,18,356.0,325.04761904761904,82.983,86.678565
2018,FORMULA 1 GRAN PREMIO DE MÉXICO 2018,35,359.0,323.14285714285717,82.64,86.690463
2018,FORMULA 1 GRAN PREMIO DE MÉXICO 2018,28,347.0,320.08196721311475,82.438,86.657913
2018,FORMULA 1 GRAN PREMIO DE MÉXICO 2018,20,359.0,325.7931034482759,81.874,86.836565
2018,FORMULA 1 GRAN PREMIO DE MÉXICO 2018,8,360.0,317.3606557377049,81.37,86.927382
2018,FORMULA 1 GRAN PREMIO DE MÉXICO 2018,3,352.0,325.2692307692308,79.462,83.160475
2018,FORMULA 1 GRAN PREMIO DE MÉXICO 2018,11,360.0,329.2903225806452,83.545,87.607184
2018,FORMULA 1 GRAN PREMIO DE MÉXICO 2018,55,346.0,325.27777777777777,82.386,85.687107
2018,FORMULA 1 GRAN PREMIO DE MÉXICO 2018,14,332.0,306.6666666666667,84.197,87.985333
2018,FORMULA 1 GRANDE PRÊMIO HEINEKEN DO BRASIL 2018,44,313.0,298.04615384615386,71.795,73.648816
2018,FORMULA 1 GRANDE PRÊMIO HEINEKEN DO BRASIL 2018,33,330.0,296.5,71.578,73.669507
2018,FORMULA 1 GRANDE PRÊMIO HEINEKEN DO BRASIL 2018,7,330.0,305.4375,71.769,73.715915
2018,FORMULA 1 GRANDE PRÊMIO HEINEKEN DO BRASIL 2018,3,337.0,307.8970588235294,71.343,73.721957
2018,FORMULA 1 GRANDE PRÊMIO HEINEKEN DO BRASIL 2018,77,323.0,304.24242424242425,70.54,73.971957
2018,FORMULA 1 GRANDE PRÊMIO HEINEKEN DO BRASIL 2018,5,329.0,306.4193548387097,70.831,74.029056
2018,FORMULA 1 GRANDE PRÊMIO HEINEKEN DO BRASIL 2018,16,319.0,308.25,72.082,74.271338
2018,FORMULA 1 GRANDE PRÊMIO HEINEKEN DO BRASIL 2018,8,316.0,298.03333333333336,72.362,74.370366
2018,FORMULA 1 GRANDE PRÊMIO HEINEKEN DO BRASIL 2018,20,324.0,296.16129032258067,72.206,74.393281
2018,FORMULA 1 GRANDE PRÊMIO HEINEKEN DO BRASIL 2018,11,327.0,292.63235294117646,72.472,74.826942
2018,FORMULA 1 GRANDE PRÊMIO HEINEKEN DO BRASIL 2018,28,315.0,283.56716417910445,72.949,75.549914
2018,FORMULA 1 GRANDE PRÊMIO HEINEKEN DO BRASIL 2018,55,336.0,302.3333333333333,72.169,75.562214
2018,FORMULA 1 GRANDE PRÊMIO HEINEKEN DO BRASIL 2018,10,307.0,277.171875,73.822,75.6114
2018,FORMULA 1 GRANDE PRÊMIO HEINEKEN DO BRASIL 2018,2,333.0,298.15384615384613,72.968,75.633314
2018,FORMULA 1 GRANDE PRÊMIO HEINEKEN DO BRASIL 2018,31,334.0,304.33846153846156,72.352,75.652157
2018,FORMULA 1 GRANDE PRÊMIO HEINEKEN DO BRASIL 2018,35,315.0,298.14925373134326,74.262,76.028695
2018,FORMULA 1 GRANDE PRÊMIO HEINEKEN DO BRASIL 2018,14,322.0,302.27868852459017,72.643,75.977695
2018,FORMULA 1 GRANDE PRÊMIO HEINEKEN DO BRASIL 2018,18,316.0,293.6363636363636,71.751,76.292405
2018,FORMULA 1 GRANDE PRÊMIO HEINEKEN DO BRASIL 2018,27,317.0,294.1,74.029,76.023064
2018,FORMULA 1 GRANDE PRÊMIO HEINEKEN DO BRASIL 2018,9,312.0,291.8235294117647,75.281,79.12835
2018,FORMULA 1 2018 ETIHAD AIRWAYS ABU DHABI GRAND PRIX,44,323.0,290.3454545454546,101.357,105.611461
2018,FORMULA 1 2018 ETIHAD AIRWAYS ABU DHABI GRAND PRIX,5,338.0,299.72727272727275,100.867,105.799134
2018,FORMULA 1 2018 ETIHAD AIRWAYS ABU DHABI GRAND PRIX,33,324.0,291.1454545454545,101.909,106.101442
2018,FORMULA 1 2018 ETIHAD AIRWAYS ABU DHABI GRAND PRIX,3,325.0,285.8181818181818,101.249,106.10323
2018,FORMULA 1 2018 ETIHAD AIRWAYS ABU DHABI GRAND PRIX,77,327.0,288.6545454545454,100.953,106.66973
2018,FORMULA 1 2018 ETIHAD AIRWAYS ABU DHABI GRAND PRIX,55,331.0,289.72727272727275,101.351,107.276615
2018,FORMULA 1 2018 ETIHAD AIRWAYS ABU DHABI GRAND PRIX,16,332.0,299.6727272727273,102.876,107.5365
2018,FORMULA 1 2018 ETIHAD AIRWAYS ABU DHABI GRAND PRIX,11,337.0,295.94545454545454,102.816,107.622519
2018,FORMULA 1 2018 ETIHAD AIRWAYS ABU DHABI GRAND PRIX,8,336.0,293.77777777777777,103.195,108.354745
2018,FORMULA 1 2018 ETIHAD AIRWAYS ABU DHABI GRAND PRIX,20,319.0,292.6111111111111,102.822,108.570568
2018,FORMULA 1 2018 ETIHAD AIRWAYS ABU DHABI GRAND PRIX,14,331.0,293.22222222222223,102.393,108.582352
2018,FORMULA 1 2018 ETIHAD AIRWAYS ABU DHABI GRAND PRIX,28,316.0,289.44444444444446,104.174,109.053019
2018,FORMULA 1 2018 ETIHAD AIRWAYS ABU DHABI GRAND PRIX,18,326.0,291.2962962962963,104.033,109.048568
2018,FORMULA 1 2018 ETIHAD AIRWAYS ABU DHABI GRAND PRIX,2,320.0,291.64814814814815,103.249,109.109823
2018,FORMULA 1 2018 ETIHAD AIRWAYS ABU DHABI GRAND PRIX,35,316.0,291.6666666666667,103.831,109.430196
2018,FORMULA 1 2018 ETIHAD AIRWAYS ABU DHABI GRAND PRIX,10,332.0,286.32608695652175,103.988,109.237511
2018,FORMULA 1 2018 ETIHAD AIRWAYS ABU DHABI GRAND PRIX,31,333.0,294.26666666666665,103.591,108.973341
2018,FORMULA 1 2018 ETIHAD AIRWAYS ABU DHABI GRAND PRIX,9,322.0,280.2083333333333,106.077,112.06738
2018,FORMULA 1 2018 ETIHAD AIRWAYS ABU DHABI GRAND PRIX,7,308.0,223.0,105.198,121.767666
2018,FORMULA 1 2018 ETIHAD AIRWAYS ABU DHABI GRAND PRIX,27,,,,
